model,mean_accuracy,std_accuracy,min_accuracy,max_accuracy
Optimized Neural Network,0.6766666666666666,0.06548960901462833,0.55,0.8
Optimized Random Forest,0.6733333333333333,0.07498147919467994,0.5,0.75
Optimized Gradient Boosting,0.6666666666666666,0.06236095644623235,0.5,0.75
Optimized Ensemble,0.68,0.06782329983125268,0.5,0.8
